seq,cycles,kind,pc,addr,value,aux,r0,r1,r2,r3,r4,r5,r12,sp,lr
1,1887174,6,0x00002D62,0x00000001,0x0000007F,0x1,0x00000001,0x0000301D,0x51AEFF25,0x04000200,0x04000120,0x00000000,0x00000000,0x03007EA4,0x00002BAF
2,2163399,6,0x00000348,0x00000001,0x2000005F,0x1,0x00000001,0x00000001,0x00000000,0x00000000,0x00000001,0xFFFFFFFF,0x04000000,0x03007EB0,0x00000344
3,2444295,6,0x00000348,0x00000001,0x6000005F,0x1,0x00000000,0x00000001,0x00000000,0x00000000,0x00000001,0xFFFFFFFF,0x04000000,0x03007EB0,0x00000344
4,2725191,6,0x00000348,0x00000001,0x6000005F,0x1,0x00000000,0x00000001,0x00000000,0x00000000,0x00000001,0xFFFFFFFF,0x04000000,0x03007EB0,0x00000344
5,3006087,6,0x00000348,0x00000001,0x6000005F,0x1,0x00000000,0x00000001,0x00000000,0x00000000,0x00000001,0xFFFFFFFF,0x04000000,0x03007EB0,0x00000344
6,3286983,6,0x00000348,0x00000001,0x6000005F,0x1,0x00000000,0x00000001,0x00000000,0x00000000,0x00000001,0xFFFFFFFF,0x04000000,0x03007EB0,0x00000344
7,3567879,6,0x00000348,0x00000001,0x6000005F,0x1,0x00000000,0x00000001,0x00000000,0x00000000,0x00000001,0xFFFFFFFF,0x04000000,0x03007EB0,0x00000344
8,3848775,6,0x00000348,0x00000001,0x6000005F,0x1,0x00000000,0x00000001,0x00000000,0x00000000,0x00000001,0xFFFFFFFF,0x04000000,0x03007EB0,0x00000344
9,4129671,6,0x00000348,0x00000001,0x6000005F,0x1,0x00000000,0x00000001,0x00000000,0x00000000,0x00000001,0xFFFFFFFF,0x04000000,0x03007EB0,0x00000344
10,4410567,6,0x00000348,0x00000001,0x6000005F,0x1,0x00000000,0x00000001,0x00000000,0x00000000,0x00000001,0xFFFFFFFF,0x04000000,0x03007EB0,0x00000344
11,4691463,6,0x00000348,0x00000001,0x6000005F,0x1,0x00000000,0x00000001,0x00000000,0x00000000,0x00000001,0xFFFFFFFF,0x04000000,0x03007EB0,0x00000344
12,4972359,6,0x00000348,0x00000001,0x6000005F,0x1,0x00000000,0x00000001,0x00000000,0x00000000,0x00000001,0xFFFFFFFF,0x04000000,0x03007EB0,0x00000344
13,5253255,6,0x00000348,0x00000001,0x6000005F,0x1,0x00000000,0x00000001,0x00000000,0x00000000,0x00000001,0xFFFFFFFF,0x04000000,0x03007EB0,0x00000344
14,5534151,6,0x00000348,0x00000001,0x6000005F,0x1,0x00000000,0x00000001,0x00000000,0x00000000,0x00000001,0xFFFFFFFF,0x04000000,0x03007EB0,0x00000344
15,5815047,6,0x00000348,0x00000001,0x6000005F,0x1,0x00000000,0x00000001,0x00000000,0x00000000,0x00000001,0xFFFFFFFF,0x04000000,0x03007EB0,0x00000344
16,6095943,6,0x00000348,0x00000001,0x6000005F,0x1,0x00000000,0x00000001,0x00000000,0x00000000,0x00000001,0xFFFFFFFF,0x04000000,0x03007EB0,0x00000344
17,6376839,6,0x00000348,0x00000001,0x6000005F,0x1,0x00000000,0x00000001,0x00000000,0x00000000,0x00000001,0xFFFFFFFF,0x04000000,0x03007EB0,0x00000344
18,6657735,6,0x00000348,0x00000001,0x6000005F,0x1,0x00000000,0x00000001,0x00000000,0x00000000,0x00000001,0xFFFFFFFF,0x04000000,0x03007EB0,0x00000344
19,6938631,6,0x00000348,0x00000001,0x6000005F,0x1,0x00000000,0x00000001,0x00000000,0x00000000,0x00000001,0xFFFFFFFF,0x04000000,0x03007EB0,0x00000344
20,7219527,6,0x00000348,0x00000001,0x6000005F,0x1,0x00000000,0x00000001,0x00000000,0x00000000,0x00000001,0xFFFFFFFF,0x04000000,0x03007EB0,0x00000344
21,7500423,6,0x00000348,0x00000001,0x6000005F,0x1,0x00000000,0x00000001,0x00000000,0x00000000,0x00000001,0xFFFFFFFF,0x04000000,0x03007EB0,0x00000344
22,7781319,6,0x00000348,0x00000001,0x6000005F,0x1,0x00000000,0x00000001,0x00000000,0x00000000,0x00000001,0xFFFFFFFF,0x04000000,0x03007EB0,0x00000344
23,8062215,6,0x00000348,0x00000001,0x6000005F,0x1,0x00000000,0x00000001,0x00000000,0x00000000,0x00000001,0xFFFFFFFF,0x04000000,0x03007EB0,0x00000344
24,8343111,6,0x00000348,0x00000001,0x6000005F,0x1,0x00000000,0x00000001,0x00000000,0x00000000,0x00000001,0xFFFFFFFF,0x04000000,0x03007EB0,0x00000344
25,8624007,6,0x00000348,0x00000001,0x6000005F,0x1,0x00000000,0x00000001,0x00000000,0x00000000,0x00000001,0xFFFFFFFF,0x04000000,0x03007EB0,0x00000344
26,8904903,6,0x00000348,0x00000001,0x6000005F,0x1,0x00000000,0x00000001,0x00000000,0x00000000,0x00000001,0xFFFFFFFF,0x04000000,0x03007EB0,0x00000344
27,9185799,6,0x00000348,0x00000001,0x6000005F,0x1,0x00000000,0x00000001,0x00000000,0x00000000,0x00000001,0xFFFFFFFF,0x04000000,0x03007EB0,0x00000344
28,9466695,6,0x00000348,0x00000001,0x6000005F,0x1,0x00000000,0x00000001,0x00000000,0x00000000,0x00000001,0xFFFFFFFF,0x04000000,0x03007EB0,0x00000344
29,9747591,6,0x00000348,0x00000001,0x6000005F,0x1,0x00000000,0x00000001,0x00000000,0x00000000,0x00000001,0xFFFFFFFF,0x04000000,0x03007EB0,0x00000344
30,10028487,6,0x00000348,0x00000001,0x6000005F,0x1,0x00000000,0x00000001,0x00000000,0x00000000,0x00000001,0xFFFFFFFF,0x04000000,0x03007EB0,0x00000344
31,10309383,6,0x00000348,0x00000001,0x6000005F,0x1,0x00000000,0x00000001,0x00000000,0x00000000,0x00000001,0xFFFFFFFF,0x04000000,0x03007EB0,0x00000344
32,10590279,6,0x00000348,0x00000001,0x6000005F,0x1,0x00000000,0x00000001,0x00000000,0x00000000,0x00000001,0xFFFFFFFF,0x04000000,0x03007EB0,0x00000344
33,10871175,6,0x00000348,0x00000001,0x6000005F,0x1,0x00000000,0x00000001,0x00000000,0x00000000,0x00000001,0xFFFFFFFF,0x04000000,0x03007EB0,0x00000344
34,11152071,6,0x00000348,0x00000001,0x6000005F,0x1,0x00000000,0x00000001,0x00000000,0x00000000,0x00000001,0xFFFFFFFF,0x04000000,0x03007EB0,0x00000344
35,11432967,6,0x00000348,0x00000001,0x6000005F,0x1,0x00000000,0x00000001,0x00000000,0x00000000,0x00000001,0xFFFFFFFF,0x04000000,0x03007EB0,0x00000344
36,11713863,6,0x00000348,0x00000001,0x6000005F,0x1,0x00000000,0x00000001,0x00000000,0x00000000,0x00000001,0xFFFFFFFF,0x04000000,0x03007EB0,0x00000344
37,11994759,6,0x00000348,0x00000001,0x6000005F,0x1,0x00000000,0x00000001,0x00000000,0x00000000,0x00000001,0xFFFFFFFF,0x04000000,0x03007EB0,0x00000344
38,12275655,6,0x00000348,0x00000001,0x6000005F,0x1,0x00000000,0x00000001,0x00000000,0x00000000,0x00000001,0xFFFFFFFF,0x04000000,0x03007EB0,0x00000344
39,12556551,6,0x00000348,0x00000001,0x6000005F,0x1,0x00000000,0x00000001,0x00000000,0x00000000,0x00000001,0xFFFFFFFF,0x04000000,0x03007EB0,0x00000344
40,12837447,6,0x00000348,0x00000001,0x6000005F,0x1,0x00000000,0x00000001,0x00000000,0x00000000,0x00000001,0xFFFFFFFF,0x04000000,0x03007EB0,0x00000344
41,13118343,6,0x00000348,0x00000001,0x6000005F,0x1,0x00000000,0x00000001,0x00000000,0x00000000,0x00000001,0xFFFFFFFF,0x04000000,0x03007EB0,0x00000344
42,13399239,6,0x00000348,0x00000001,0x6000005F,0x1,0x00000000,0x00000001,0x00000000,0x00000000,0x00000001,0xFFFFFFFF,0x04000000,0x03007EB0,0x00000344
43,13680135,6,0x00000348,0x00000001,0x6000005F,0x1,0x00000000,0x00000001,0x00000000,0x00000000,0x00000001,0xFFFFFFFF,0x04000000,0x03007EB0,0x00000344
44,13961031,6,0x00000348,0x00000001,0x6000005F,0x1,0x00000000,0x00000001,0x00000000,0x00000000,0x00000001,0xFFFFFFFF,0x04000000,0x03007EB0,0x00000344
45,14241927,6,0x00000348,0x00000001,0x6000005F,0x1,0x00000000,0x00000001,0x00000000,0x00000000,0x00000001,0xFFFFFFFF,0x04000000,0x03007EB0,0x00000344
46,14522823,6,0x00000348,0x00000001,0x6000005F,0x1,0x00000000,0x00000001,0x00000000,0x00000000,0x00000001,0xFFFFFFFF,0x04000000,0x03007EB0,0x00000344
47,14803719,6,0x00000348,0x00000001,0x6000005F,0x1,0x00000000,0x00000001,0x00000000,0x00000000,0x00000001,0xFFFFFFFF,0x04000000,0x03007EB0,0x00000344
48,15084615,6,0x00000348,0x00000001,0x6000005F,0x1,0x00000000,0x00000001,0x00000000,0x00000000,0x00000001,0xFFFFFFFF,0x04000000,0x03007EB0,0x00000344
49,15365511,6,0x00000348,0x00000001,0x6000005F,0x1,0x00000000,0x00000001,0x00000000,0x00000000,0x00000001,0xFFFFFFFF,0x04000000,0x03007EB0,0x00000344
50,15646407,6,0x00000348,0x00000001,0x6000005F,0x1,0x00000000,0x00000001,0x00000000,0x00000000,0x00000001,0xFFFFFFFF,0x04000000,0x03007EB0,0x00000344
51,15927303,6,0x00000348,0x00000001,0x6000005F,0x1,0x00000000,0x00000001,0x00000000,0x00000000,0x00000001,0xFFFFFFFF,0x04000000,0x03007EB0,0x00000344
52,16208199,6,0x00000348,0x00000001,0x6000005F,0x1,0x00000000,0x00000001,0x00000000,0x00000000,0x00000001,0xFFFFFFFF,0x04000000,0x03007EB0,0x00000344
53,16489095,6,0x00000348,0x00000001,0x6000005F,0x1,0x00000000,0x00000001,0x00000000,0x00000000,0x00000001,0xFFFFFFFF,0x04000000,0x03007EB0,0x00000344
54,16769991,6,0x00000348,0x00000001,0x6000005F,0x1,0x00000000,0x00000001,0x00000000,0x00000000,0x00000001,0xFFFFFFFF,0x04000000,0x03007EB0,0x00000344
55,17050887,6,0x00000348,0x00000001,0x6000005F,0x1,0x00000000,0x00000001,0x00000000,0x00000000,0x00000001,0xFFFFFFFF,0x04000000,0x03007EB0,0x00000344
56,17331783,6,0x00000348,0x00000001,0x6000005F,0x1,0x00000000,0x00000001,0x00000000,0x00000000,0x00000001,0xFFFFFFFF,0x04000000,0x03007EB0,0x00000344
57,17612679,6,0x00000348,0x00000001,0x6000005F,0x1,0x00000000,0x00000001,0x00000000,0x00000000,0x00000001,0xFFFFFFFF,0x04000000,0x03007EB0,0x00000344
58,17893575,6,0x00000348,0x00000001,0x6000005F,0x1,0x00000000,0x00000001,0x00000000,0x00000000,0x00000001,0xFFFFFFFF,0x04000000,0x03007EB0,0x00000344
59,18174471,6,0x00000348,0x00000001,0x6000005F,0x1,0x00000000,0x00000001,0x00000000,0x00000000,0x00000001,0xFFFFFFFF,0x04000000,0x03007EB0,0x00000344
60,18455367,6,0x00000348,0x00000001,0x6000005F,0x1,0x00000000,0x00000001,0x00000000,0x00000000,0x00000001,0xFFFFFFFF,0x04000000,0x03007EB0,0x00000344
61,18736263,6,0x00000348,0x00000001,0x6000005F,0x1,0x00000000,0x00000001,0x00000000,0x00000000,0x00000001,0xFFFFFFFF,0x04000000,0x03007EB0,0x00000344
62,19017159,6,0x00000348,0x00000001,0x6000005F,0x1,0x00000000,0x00000001,0x00000000,0x00000000,0x00000001,0xFFFFFFFF,0x04000000,0x03007EB0,0x00000344
63,19298055,6,0x00000348,0x00000001,0x6000005F,0x1,0x00000000,0x00000001,0x00000000,0x00000000,0x00000001,0xFFFFFFFF,0x04000000,0x03007EB0,0x00000344
64,19578951,6,0x00000348,0x00000001,0x6000005F,0x1,0x00000000,0x00000001,0x00000000,0x00000000,0x00000001,0xFFFFFFFF,0x04000000,0x03007EB0,0x00000344
65,19859847,6,0x00000348,0x00000001,0x6000005F,0x1,0x00000000,0x00000001,0x00000000,0x00000000,0x00000001,0xFFFFFFFF,0x04000000,0x03007EB0,0x00000344
66,20140743,6,0x00000348,0x00000001,0x6000005F,0x1,0x00000000,0x00000001,0x00000000,0x00000000,0x00000001,0xFFFFFFFF,0x04000000,0x03007EB0,0x00000344
67,20421639,6,0x00000348,0x00000001,0x6000005F,0x1,0x00000000,0x00000001,0x00000000,0x00000000,0x00000001,0xFFFFFFFF,0x04000000,0x03007EB0,0x00000344
68,20702535,6,0x00000348,0x00000001,0x6000005F,0x1,0x00000000,0x00000001,0x00000000,0x00000000,0x00000001,0xFFFFFFFF,0x04000000,0x03007EB0,0x00000344
69,20983431,6,0x00000348,0x00000001,0x6000005F,0x1,0x00000000,0x00000001,0x00000000,0x00000000,0x00000001,0xFFFFFFFF,0x04000000,0x03007EB0,0x00000344
70,21264327,6,0x00000348,0x00000001,0x6000005F,0x1,0x00000000,0x00000001,0x00000000,0x00000000,0x00000001,0xFFFFFFFF,0x04000000,0x03007EB0,0x00000344
71,21545223,6,0x00000348,0x00000001,0x6000005F,0x1,0x00000000,0x00000001,0x00000000,0x00000000,0x00000001,0xFFFFFFFF,0x04000000,0x03007EB0,0x00000344
72,21826119,6,0x00000348,0x00000001,0x6000005F,0x1,0x00000000,0x00000001,0x00000000,0x00000000,0x00000001,0xFFFFFFFF,0x04000000,0x03007EB0,0x00000344
73,22107015,6,0x00000348,0x00000001,0x6000005F,0x1,0x00000000,0x00000001,0x00000000,0x00000000,0x00000001,0xFFFFFFFF,0x04000000,0x03007EB0,0x00000344
74,22387911,6,0x00000348,0x00000001,0x6000005F,0x1,0x00000000,0x00000001,0x00000000,0x00000000,0x00000001,0xFFFFFFFF,0x04000000,0x03007EB0,0x00000344
75,22668807,6,0x00000348,0x00000001,0x6000005F,0x1,0x00000000,0x00000001,0x00000000,0x00000000,0x00000001,0xFFFFFFFF,0x04000000,0x03007EB0,0x00000344
76,22949703,6,0x00000348,0x00000001,0x6000005F,0x1,0x00000000,0x00000001,0x00000000,0x00000000,0x00000001,0xFFFFFFFF,0x04000000,0x03007EB0,0x00000344
77,23230599,6,0x00000348,0x00000001,0x6000005F,0x1,0x00000000,0x00000001,0x00000000,0x00000000,0x00000001,0xFFFFFFFF,0x04000000,0x03007EB0,0x00000344
78,23511495,6,0x00000348,0x00000001,0x6000005F,0x1,0x00000000,0x00000001,0x00000000,0x00000000,0x00000001,0xFFFFFFFF,0x04000000,0x03007EB0,0x00000344
79,23792391,6,0x00000348,0x00000001,0x6000005F,0x1,0x00000000,0x00000001,0x00000000,0x00000000,0x00000001,0xFFFFFFFF,0x04000000,0x03007EB0,0x00000344
80,24073287,6,0x00000348,0x00000001,0x6000005F,0x1,0x00000000,0x00000001,0x00000000,0x00000000,0x00000001,0xFFFFFFFF,0x04000000,0x03007EB0,0x00000344
81,24354183,6,0x00000348,0x00000001,0x6000005F,0x1,0x00000000,0x00000001,0x00000000,0x00000000,0x00000001,0xFFFFFFFF,0x04000000,0x03007EB0,0x00000344
82,24635079,6,0x00000348,0x00000001,0x6000005F,0x1,0x00000000,0x00000001,0x00000000,0x00000000,0x00000001,0xFFFFFFFF,0x04000000,0x03007EB0,0x00000344
83,24915975,6,0x00000348,0x00000001,0x6000005F,0x1,0x00000000,0x00000001,0x00000000,0x00000000,0x00000001,0xFFFFFFFF,0x04000000,0x03007EB0,0x00000344
84,25196871,6,0x00000348,0x00000001,0x6000005F,0x1,0x00000000,0x00000001,0x00000000,0x00000000,0x00000001,0xFFFFFFFF,0x04000000,0x03007EB0,0x00000344
85,25477767,6,0x00000348,0x00000001,0x6000005F,0x1,0x00000000,0x00000001,0x00000000,0x00000000,0x00000001,0xFFFFFFFF,0x04000000,0x03007EB0,0x00000344
86,25758663,6,0x00000348,0x00000001,0x6000005F,0x1,0x00000000,0x00000001,0x00000000,0x00000000,0x00000001,0xFFFFFFFF,0x04000000,0x03007EB0,0x00000344
87,26039559,6,0x00000348,0x00000001,0x6000005F,0x1,0x00000000,0x00000001,0x00000000,0x00000000,0x00000001,0xFFFFFFFF,0x04000000,0x03007EB0,0x00000344
88,26320455,6,0x00000348,0x00000001,0x6000005F,0x1,0x00000000,0x00000001,0x00000000,0x00000000,0x00000001,0xFFFFFFFF,0x04000000,0x03007EB0,0x00000344
89,26601351,6,0x00000348,0x00000001,0x6000005F,0x1,0x00000000,0x00000001,0x00000000,0x00000000,0x00000001,0xFFFFFFFF,0x04000000,0x03007EB0,0x00000344
90,26882247,6,0x00000348,0x00000001,0x6000005F,0x1,0x00000000,0x00000001,0x00000000,0x00000000,0x00000001,0xFFFFFFFF,0x04000000,0x03007EB0,0x00000344
91,27163143,6,0x00000348,0x00000001,0x6000005F,0x1,0x00000000,0x00000001,0x00000000,0x00000000,0x00000001,0xFFFFFFFF,0x04000000,0x03007EB0,0x00000344
92,27444039,6,0x00000348,0x00000001,0x6000005F,0x1,0x00000000,0x00000001,0x00000000,0x00000000,0x00000001,0xFFFFFFFF,0x04000000,0x03007EB0,0x00000344
93,27724935,6,0x00000348,0x00000001,0x6000005F,0x1,0x00000000,0x00000001,0x00000000,0x00000000,0x00000001,0xFFFFFFFF,0x04000000,0x03007EB0,0x00000344
94,28005831,6,0x00000348,0x00000001,0x6000005F,0x1,0x00000000,0x00000001,0x00000000,0x00000000,0x00000001,0xFFFFFFFF,0x04000000,0x03007EB0,0x00000344
95,28286727,6,0x00000348,0x00000001,0x6000005F,0x1,0x00000000,0x00000001,0x00000000,0x00000000,0x00000001,0xFFFFFFFF,0x04000000,0x03007EB0,0x00000344
96,28567623,6,0x00000348,0x00000001,0x6000005F,0x1,0x00000000,0x00000001,0x00000000,0x00000000,0x00000001,0xFFFFFFFF,0x04000000,0x03007EB0,0x00000344
97,28848519,6,0x00000348,0x00000001,0x6000005F,0x1,0x00000000,0x00000001,0x00000000,0x00000000,0x00000001,0xFFFFFFFF,0x04000000,0x03007EB0,0x00000344
98,29129415,6,0x00000348,0x00000001,0x6000005F,0x1,0x00000000,0x00000001,0x00000000,0x00000000,0x00000001,0xFFFFFFFF,0x04000000,0x03007EB0,0x00000344
99,29410311,6,0x00000348,0x00000001,0x6000005F,0x1,0x00000000,0x00000001,0x00000000,0x00000000,0x00000001,0xFFFFFFFF,0x04000000,0x03007EB0,0x00000344
100,29691207,6,0x00000348,0x00000001,0x6000005F,0x1,0x00000000,0x00000001,0x00000000,0x00000000,0x00000001,0xFFFFFFFF,0x04000000,0x03007EB0,0x00000344
101,29972103,6,0x00000348,0x00000001,0x6000005F,0x1,0x00000000,0x00000001,0x00000000,0x00000000,0x00000001,0xFFFFFFFF,0x04000000,0x03007EB0,0x00000344
102,30252999,6,0x00000348,0x00000001,0x6000005F,0x1,0x00000000,0x00000001,0x00000000,0x00000000,0x00000001,0xFFFFFFFF,0x04000000,0x03007EB0,0x00000344
103,30533895,6,0x00000348,0x00000001,0x6000005F,0x1,0x00000000,0x00000001,0x00000000,0x00000000,0x00000001,0xFFFFFFFF,0x04000000,0x03007EB0,0x00000344
104,30814791,6,0x00000348,0x00000001,0x6000005F,0x1,0x00000000,0x00000001,0x00000000,0x00000000,0x00000001,0xFFFFFFFF,0x04000000,0x03007EB0,0x00000344
105,31095687,6,0x00000348,0x00000001,0x6000005F,0x1,0x00000000,0x00000001,0x00000000,0x00000000,0x00000001,0xFFFFFFFF,0x04000000,0x03007EB0,0x00000344
106,31376583,6,0x00000348,0x00000001,0x6000005F,0x1,0x00000000,0x00000001,0x00000000,0x00000000,0x00000001,0xFFFFFFFF,0x04000000,0x03007EB0,0x00000344
107,31657479,6,0x00000348,0x00000001,0x6000005F,0x1,0x00000000,0x00000001,0x00000000,0x00000000,0x00000001,0xFFFFFFFF,0x04000000,0x03007EB0,0x00000344
108,31938375,6,0x00000348,0x00000001,0x6000005F,0x1,0x00000000,0x00000001,0x00000000,0x00000000,0x00000001,0xFFFFFFFF,0x04000000,0x03007EB0,0x00000344
109,32219271,6,0x00000348,0x00000001,0x6000005F,0x1,0x00000000,0x00000001,0x00000000,0x00000000,0x00000001,0xFFFFFFFF,0x04000000,0x03007EB0,0x00000344
110,32500167,6,0x00000348,0x00000001,0x6000005F,0x1,0x00000000,0x00000001,0x00000000,0x00000000,0x00000001,0xFFFFFFFF,0x04000000,0x03007EB0,0x00000344
111,32781063,6,0x00000348,0x00000001,0x6000005F,0x1,0x00000000,0x00000001,0x00000000,0x00000000,0x00000001,0x00000009,0x04000000,0x03007EB0,0x00000344
112,33061959,6,0x00000348,0x00000001,0x6000005F,0x1,0x00000000,0x00000001,0x00000000,0x00000000,0x00000001,0x00000009,0x04000000,0x03007EB0,0x00000344
113,33342855,6,0x00000348,0x00000001,0x6000005F,0x1,0x00000000,0x00000001,0x00000000,0x00000000,0x00000001,0x00000009,0x04000000,0x03007EB0,0x00000344
114,33623751,6,0x00000348,0x00000001,0x6000005F,0x1,0x00000000,0x00000001,0x00000000,0x00000000,0x00000001,0x00000009,0x04000000,0x03007EB0,0x00000344
115,33904647,6,0x00000348,0x00000001,0x6000005F,0x1,0x00000000,0x00000001,0x00000000,0x00000000,0x00000001,0x00000009,0x04000000,0x03007EB0,0x00000344
116,34185543,6,0x00000348,0x00000001,0x6000005F,0x1,0x00000000,0x00000001,0x00000000,0x00000000,0x00000001,0x00000009,0x04000000,0x03007EB0,0x00000344
117,34466439,6,0x00000348,0x00000001,0x6000005F,0x1,0x00000000,0x00000001,0x00000000,0x00000000,0x00000001,0x00000009,0x04000000,0x03007EB0,0x00000344
118,34747335,6,0x00000348,0x00000001,0x6000005F,0x1,0x00000000,0x00000001,0x00000000,0x00000000,0x00000001,0x00000009,0x04000000,0x03007EB0,0x00000344
119,35028231,6,0x00000348,0x00000001,0x6000005F,0x1,0x00000000,0x00000001,0x00000000,0x00000000,0x00000001,0x00000009,0x04000000,0x03007EB0,0x00000344
120,35309127,6,0x00000348,0x00000001,0x6000005F,0x1,0x00000000,0x00000001,0x00000000,0x00000000,0x00000001,0x00000009,0x04000000,0x03007EB0,0x00000344
121,35590023,6,0x00000348,0x00000001,0x6000005F,0x1,0x00000000,0x00000001,0x00000000,0x00000000,0x00000001,0x00000009,0x04000000,0x03007EB0,0x00000344
122,35870919,6,0x00000348,0x00000001,0x6000005F,0x1,0x00000000,0x00000001,0x00000000,0x00000000,0x00000001,0x00000009,0x04000000,0x03007EB0,0x00000344
123,36151815,6,0x00000348,0x00000001,0x6000005F,0x1,0x00000000,0x00000001,0x00000000,0x00000000,0x00000001,0x00000009,0x04000000,0x03007EB0,0x00000344
124,36432711,6,0x00000348,0x00000001,0x6000005F,0x1,0x00000000,0x00000001,0x00000000,0x00000000,0x00000001,0x00000009,0x04000000,0x03007EB0,0x00000344
125,36713607,6,0x00000348,0x00000001,0x6000005F,0x1,0x00000000,0x00000001,0x00000000,0x00000000,0x00000001,0x00000009,0x04000000,0x03007EB0,0x00000344
126,36994503,6,0x00000348,0x00000001,0x6000005F,0x1,0x00000000,0x00000001,0x00000000,0x00000000,0x00000001,0x00000009,0x04000000,0x03007EB0,0x00000344
127,37275399,6,0x00000348,0x00000001,0x6000005F,0x1,0x00000000,0x00000001,0x00000000,0x00000000,0x00000001,0x00000009,0x04000000,0x03007EB0,0x00000344
128,37556295,6,0x00000348,0x00000001,0x6000005F,0x1,0x00000000,0x00000001,0x00000000,0x00000000,0x00000001,0x00000009,0x04000000,0x03007EB0,0x00000344
129,37837191,6,0x00000348,0x00000001,0x6000005F,0x1,0x00000000,0x00000001,0x00000000,0x00000000,0x00000001,0x00000009,0x04000000,0x03007EB0,0x00000344
130,38118087,6,0x00000348,0x00000001,0x6000005F,0x1,0x00000000,0x00000001,0x00000000,0x00000000,0x00000001,0x00000009,0x04000000,0x03007EB0,0x00000344
131,38398983,6,0x00000348,0x00000001,0x6000005F,0x1,0x00000000,0x00000001,0x00000000,0x00000000,0x00000001,0x00000009,0x04000000,0x03007EB0,0x00000344
132,38679879,6,0x00000348,0x00000001,0x6000005F,0x1,0x00000000,0x00000001,0x00000000,0x00000000,0x00000001,0x00000009,0x04000000,0x03007EB0,0x00000344
133,38960775,6,0x00000348,0x00000001,0x6000005F,0x1,0x00000000,0x00000001,0x00000000,0x00000000,0x00000001,0x00000009,0x04000000,0x03007EB0,0x00000344
134,39241671,6,0x00000348,0x00000001,0x6000005F,0x1,0x00000000,0x00000001,0x00000000,0x00000000,0x00000001,0x00000009,0x04000000,0x03007EB0,0x00000344
135,39522567,6,0x00000348,0x00000001,0x6000005F,0x1,0x00000000,0x00000001,0x00000000,0x00000000,0x00000001,0x00000009,0x04000000,0x03007EB0,0x00000344
136,39803463,6,0x00000348,0x00000001,0x6000005F,0x1,0x00000000,0x00000001,0x00000000,0x00000000,0x00000001,0x00000009,0x04000000,0x03007EB0,0x00000344
137,40084359,6,0x00000348,0x00000001,0x6000005F,0x1,0x00000000,0x00000001,0x00000000,0x00000000,0x00000001,0x00000009,0x04000000,0x03007EB0,0x00000344
138,40365255,6,0x00000348,0x00000001,0x6000005F,0x1,0x00000000,0x00000001,0x00000000,0x00000000,0x00000001,0x00000009,0x04000000,0x03007EB0,0x00000344
139,40646151,6,0x00000348,0x00000001,0x6000005F,0x1,0x00000000,0x00000001,0x00000000,0x00000000,0x00000001,0x00000009,0x04000000,0x03007EB0,0x00000344
140,40927047,6,0x00000348,0x00000001,0x6000005F,0x1,0x00000000,0x00000001,0x00000000,0x00000000,0x00000001,0x00000009,0x04000000,0x03007EB0,0x00000344
141,41207943,6,0x00000348,0x00000001,0x6000005F,0x1,0x00000000,0x00000001,0x00000000,0x00000000,0x00000001,0x00000009,0x04000000,0x03007EB0,0x00000344
142,41488839,6,0x00000348,0x00000001,0x6000005F,0x1,0x00000000,0x00000001,0x00000000,0x00000000,0x00000001,0x00000009,0x04000000,0x03007EB0,0x00000344
143,41769735,6,0x00000348,0x00000001,0x6000005F,0x1,0x00000000,0x00000001,0x00000000,0x00000000,0x00000001,0x00000009,0x04000000,0x03007EB0,0x00000344
144,42050631,6,0x00000348,0x00000001,0x6000005F,0x1,0x00000000,0x00000001,0x00000000,0x00000000,0x00000001,0x00000009,0x04000000,0x03007EB0,0x00000344
145,42331527,6,0x00000348,0x00000001,0x6000005F,0x1,0x00000000,0x00000001,0x00000000,0x00000000,0x00000001,0x00000009,0x04000000,0x03007EB0,0x00000344
146,42612423,6,0x00000348,0x00000001,0x6000005F,0x1,0x00000000,0x00000001,0x00000000,0x00000000,0x00000001,0x00000009,0x04000000,0x03007EB0,0x00000344
147,42893319,6,0x00000348,0x00000001,0x6000005F,0x1,0x00000000,0x00000001,0x00000000,0x00000000,0x00000001,0x00000009,0x04000000,0x03007EB0,0x00000344
148,43174215,6,0x00000348,0x00000001,0x6000005F,0x1,0x00000000,0x00000001,0x00000000,0x00000000,0x00000001,0x00000009,0x04000000,0x03007EB0,0x00000344
149,43455111,6,0x00000348,0x00000001,0x6000005F,0x1,0x00000000,0x00000001,0x00000000,0x00000000,0x00000001,0x00000009,0x04000000,0x03007EB0,0x00000344
150,43736007,6,0x00000348,0x00000001,0x6000005F,0x1,0x00000000,0x00000001,0x00000000,0x00000000,0x00000001,0x00000009,0x04000000,0x03007EB0,0x00000344
151,44016903,6,0x00000348,0x00000001,0x6000005F,0x1,0x00000000,0x00000001,0x00000000,0x00000000,0x00000001,0x00000009,0x04000000,0x03007EB0,0x00000344
152,44297799,6,0x00000348,0x00000001,0x6000005F,0x1,0x00000000,0x00000001,0x00000000,0x00000000,0x00000001,0x00000009,0x04000000,0x03007EB0,0x00000344
153,44578695,6,0x00000348,0x00000001,0x6000005F,0x1,0x00000000,0x00000001,0x00000000,0x00000000,0x00000001,0x00000009,0x04000000,0x03007EB0,0x00000344
154,44859591,6,0x00000348,0x00000001,0x6000005F,0x1,0x00000000,0x00000001,0x00000000,0x00000000,0x00000001,0x00000009,0x04000000,0x03007EB0,0x00000344
155,45140487,6,0x00000348,0x00000001,0x6000005F,0x1,0x00000000,0x00000001,0x00000000,0x00000000,0x00000001,0x00000009,0x04000000,0x03007EB0,0x00000344
156,45421383,6,0x00000348,0x00000001,0x6000005F,0x1,0x00000000,0x00000001,0x00000000,0x00000000,0x00000001,0x00000009,0x04000000,0x03007EB0,0x00000344
157,45702279,6,0x00000348,0x00000001,0x6000005F,0x1,0x00000000,0x00000001,0x00000000,0x00000000,0x00000001,0x00000009,0x04000000,0x03007EB0,0x00000344
158,45983175,6,0x00000348,0x00000001,0x6000005F,0x1,0x00000000,0x00000001,0x00000000,0x00000000,0x00000001,0x00000009,0x04000000,0x03007EB0,0x00000344
159,46264071,6,0x00000348,0x00000001,0x6000005F,0x1,0x00000000,0x00000001,0x00000000,0x00000000,0x00000001,0x00000009,0x04000000,0x03007EB0,0x00000344
160,46544967,6,0x00000348,0x00000001,0x6000005F,0x1,0x00000000,0x00000001,0x00000000,0x00000000,0x00000001,0x00000009,0x04000000,0x03007EB0,0x00000344
161,46825863,6,0x00000348,0x00000001,0x6000005F,0x1,0x00000000,0x00000001,0x00000000,0x00000000,0x00000001,0x00000009,0x04000000,0x03007EB0,0x00000344
162,47106759,6,0x00000348,0x00000001,0x6000005F,0x1,0x00000000,0x00000001,0x00000000,0x00000000,0x00000001,0x00000009,0x04000000,0x03007EB0,0x00000344
163,47387655,6,0x00000348,0x00000001,0x6000005F,0x1,0x00000000,0x00000001,0x00000000,0x00000000,0x00000001,0x00000009,0x04000000,0x03007EB0,0x00000344
164,47668551,6,0x00000348,0x00000001,0x6000005F,0x1,0x00000000,0x00000001,0x00000000,0x00000000,0x00000001,0x00000009,0x04000000,0x03007EB0,0x00000344
165,47949447,6,0x00000348,0x00000001,0x6000005F,0x1,0x00000000,0x00000001,0x00000000,0x00000000,0x00000001,0x00000009,0x04000000,0x03007EB0,0x00000344
166,48230343,6,0x00000348,0x00000001,0x6000005F,0x1,0x00000000,0x00000001,0x00000000,0x00000000,0x00000001,0x00000009,0x04000000,0x03007EB0,0x00000344
167,48511239,6,0x00000348,0x00000001,0x6000005F,0x1,0x00000000,0x00000001,0x00000000,0x00000000,0x00000001,0x00000009,0x04000000,0x03007EB0,0x00000344
168,48792135,6,0x00000348,0x00000001,0x6000005F,0x1,0x00000000,0x00000001,0x00000000,0x00000000,0x00000001,0x00000009,0x04000000,0x03007EB0,0x00000344
169,49073031,6,0x00000348,0x00000001,0x6000005F,0x1,0x00000000,0x00000001,0x00000000,0x00000000,0x00000001,0x00000009,0x04000000,0x03007EB0,0x00000344
170,49353927,6,0x00000348,0x00000001,0x6000005F,0x1,0x00000000,0x00000001,0x00000000,0x00000000,0x00000001,0x00000009,0x04000000,0x03007EB0,0x00000344
171,49634823,6,0x00000348,0x00000001,0x6000005F,0x1,0x00000000,0x00000001,0x00000000,0x00000000,0x00000001,0x00000009,0x04000000,0x03007EB0,0x00000344
172,49915719,6,0x00000348,0x00000001,0x6000005F,0x1,0x00000000,0x00000001,0x00000000,0x00000000,0x00000001,0x00000009,0x04000000,0x03007EB0,0x00000344
173,50196615,6,0x00000348,0x00000001,0x6000005F,0x1,0x00000000,0x00000001,0x00000000,0x00000000,0x00000001,0x00000009,0x04000000,0x03007EB0,0x00000344
174,50477511,6,0x00000348,0x00000001,0x6000005F,0x1,0x00000000,0x00000001,0x00000000,0x00000000,0x00000001,0x00000009,0x04000000,0x03007EB0,0x00000344
175,50758407,6,0x00000348,0x00000001,0x6000005F,0x1,0x00000000,0x00000001,0x00000000,0x00000000,0x00000001,0x00000009,0x04000000,0x03007EB0,0x00000344
176,51039303,6,0x00000348,0x00000001,0x6000005F,0x1,0x00000000,0x00000001,0x00000000,0x00000000,0x00000001,0x00000009,0x04000000,0x03007EB0,0x00000344
177,51320199,6,0x00000348,0x00000001,0x6000005F,0x1,0x00000000,0x00000001,0x00000000,0x00000000,0x00000001,0x00000009,0x04000000,0x03007EB0,0x00000344
178,51601095,6,0x00000348,0x00000001,0x6000005F,0x1,0x00000000,0x00000001,0x00000000,0x00000000,0x00000001,0x00000009,0x04000000,0x03007EB0,0x00000344
179,51881991,6,0x00000348,0x00000001,0x6000005F,0x1,0x00000000,0x00000001,0x00000000,0x00000000,0x00000001,0x00000009,0x04000000,0x03007EB0,0x00000344
180,52162887,6,0x00000348,0x00000001,0x6000005F,0x1,0x00000000,0x00000001,0x00000000,0x00000000,0x00000001,0x00000009,0x04000000,0x03007EB0,0x00000344
181,52443783,6,0x00000348,0x00000001,0x6000005F,0x1,0x00000000,0x00000001,0x00000000,0x00000000,0x00000001,0x00000009,0x04000000,0x03007EB0,0x00000344
182,52724679,6,0x00000348,0x00000001,0x6000005F,0x1,0x00000000,0x00000001,0x00000000,0x00000000,0x00000001,0xFFFFFFFF,0x04000000,0x03007EB0,0x00000344
183,53005575,6,0x00000348,0x00000001,0x6000005F,0x1,0x00000000,0x00000001,0x00000000,0x00000000,0x00000001,0x00000009,0x04000000,0x03007EB0,0x00000344
184,53286471,6,0x00000348,0x00000001,0x6000005F,0x1,0x00000000,0x00000001,0x00000000,0x00000000,0x00000001,0x00000009,0x04000000,0x03007EB0,0x00000344
185,53567367,6,0x00000348,0x00000001,0x6000005F,0x1,0x00000000,0x00000001,0x00000000,0x00000000,0x00000001,0x00000009,0x04000000,0x03007EB0,0x00000344
186,53848263,6,0x00000348,0x00000001,0x6000005F,0x1,0x00000000,0x00000001,0x00000000,0x00000000,0x00000001,0x00000009,0x04000000,0x03007EB0,0x00000344
187,54129159,6,0x00000348,0x00000001,0x6000005F,0x1,0x00000000,0x00000001,0x00000000,0x00000000,0x00000001,0x00000009,0x04000000,0x03007EB0,0x00000344
188,54410055,6,0x00000348,0x00000001,0x6000005F,0x1,0x00000000,0x00000001,0x00000000,0x00000000,0x00000001,0x00000009,0x04000000,0x03007EB0,0x00000344
189,54690951,6,0x00000348,0x00000001,0x6000005F,0x1,0x00000000,0x00000001,0x00000000,0x00000000,0x00000001,0x00000009,0x04000000,0x03007EB0,0x00000344
190,54971847,6,0x00000348,0x00000001,0x6000005F,0x1,0x00000000,0x00000001,0x00000000,0x00000000,0x00000001,0x00000009,0x04000000,0x03007EB0,0x00000344
191,55252743,6,0x00000348,0x00000001,0x6000005F,0x1,0x00000000,0x00000001,0x00000000,0x00000000,0x00000001,0x00000009,0x04000000,0x03007EB0,0x00000344
192,55533639,6,0x00000348,0x00000001,0x6000005F,0x1,0x00000000,0x00000001,0x00000000,0x00000000,0x00000001,0x00000009,0x04000000,0x03007EB0,0x00000344
193,55814535,6,0x00000348,0x00000001,0x6000005F,0x1,0x00000000,0x00000001,0x00000000,0x00000000,0x00000001,0x00000009,0x04000000,0x03007EB0,0x00000344
194,56095431,6,0x00000348,0x00000001,0x6000005F,0x1,0x00000000,0x00000001,0x00000000,0x00000000,0x00000001,0x00000009,0x04000000,0x03007EB0,0x00000344
195,56376327,6,0x00000348,0x00000001,0x6000005F,0x1,0x00000000,0x00000001,0x00000000,0x00000000,0x00000001,0x00000009,0x04000000,0x03007EB0,0x00000344
